name,voicetype,vowel,stress,pre_word,word,fol_word,F1,F2,F3,F1_LobanovNormed_unscaled,F2_LobanovNormed_unscaled,B1,B2,B3,t,beg,end,dur,plt_vclass,plt_manner,plt_place,plt_voice,plt_preseg,plt_folseq,pre_seg,fol_seg,context,vowel_index,pre_word_trans,word_trans,fol_word_trans,F1@20%,F2@20%,F1@35%,F2@35%,F1@50%,F2@50%,F1@65%,F2@65%,F1@80%,F2@80%,nFormants
P01,Low,AH,1,WAS,ONCE,A,549.9,969.7,2370.7,0.180043207333,-1.16729344305,39.1,91.9,214.9,1.463,1.44,1.51,0.07,uh,nasal,apical,voiced,w/y,complex_coda,W,N,internal,2,W AA1 Z,W AH1 N S,AH0,546.6,931.5,549.3,949.4,542.2,990.4,513.7,958.9,503.6,942.2,6
P01,Low,UW,1,A,POOR,SHEPHERD,475.2,869.5,2266.9,-0.920565241909,-1.49369983312,95.6,110.8,176.1,1.78,1.75,1.84,0.09,uwr,central,apical,voiced,oral_labial,,P,R,internal,2,AH0,P UW1 R,SH EH1 P ER0 D,491.2,1021.2,471.2,884.8,487.9,865.8,499.4,884.8,507.3,922.9,6
P01,Low,EH,1,POOR,SHEPHERD,BOY,560.6,1439.3,2458.3,0.337693949058,0.362451474895,44.4,112.5,247.1,2.007,1.99,2.04,0.05,e,stop,labial,voiceless,palatal,one_fol_syll,SH,P,internal,2,P UW1 R,SH EH1 P ER0 D,B OY1,550.8,1446.8,550.8,1446.8,568.9,1430.3,546.4,1394.0,546.4,1394.0,5
P01,Low,OY,1,SHEPHERD,BOY,WHO,543.4,1015.7,2330.4,0.0842740651632,-1.01744619811,64.1,106.4,123.2,2.333,2.26,2.48,0.22,oy,,,,oral_labial,,B,HH,final,2,SH EH1 P ER0 D,B OY1,HH UW1,513.6,1038.1,544.3,1019.6,548.5,1026.4,543.3,1149.1,428.2,954.1,6
P01,Low,AA,1,TO,WATCH,HIS,566.1,1027.7,2233.2,0.418729377048,-0.978355612468,60.1,104.1,112.9,3.01,2.98,3.07,0.09,o,affricate,palatal,voiceless,w/y,,W,CH,internal,2,T UW1,W AA1 CH,HH IH1 Z,542.2,984.1,559.8,1009.8,567.1,1078.7,532.3,1164.5,519.2,1205.5,5
P01,Low,AA,1,HIS,FLOCKS,IN,566.5,958.2,2250.2,0.42462286272,-1.20475525428,49.2,63.4,108.7,3.423,3.4,3.47,0.07,o,stop,velar,voiceless,obstruent_liquid,complex_coda,L,K,internal,3,HH IH1 Z,F L AA1 K S,IH0 N,559.3,915.2,562.8,933.3,572.7,1009.1,549.3,1047.1,537.4,1061.6,6
P01,Low,IY,1,THE,FIELDS,NEXT,413.4,1954.8,2594.4,-1.83110877823,2.0417178829,61.9,138.0,374.9,3.897,3.85,3.99,0.14,iy,lateral,apical,voiced,oral_labial,complex_coda,F,L,internal,2,DH AH0,F IY1 L D Z,N EH1 K S T,457.3,1844.4,416.7,1947.7,406.5,1956.7,441.1,1810.5,496.6,1556.2,4
P01,Low,EH,1,FIELDS,NEXT,TO,568.1,1476.9,2634.4,0.448196805408,0.484935309892,85.5,150.5,284.0,4.26,4.24,4.3,0.06,e,stop,velar,voiceless,nasal_apical,complex_coda,N,K,internal,2,F IY1 L D Z,N EH1 K S T,T UW1,567.5,1433.6,568.0,1440.4,548.0,1500.4,476.5,1554.9,473.7,1565.0,5
P01,Low,AA,1,A,DARK,FOREST,635.1,1392.0,2569.5,1.43535565546,0.208369416507,112.5,270.0,446.5,4.693,4.66,4.76,0.1,ahr,central,apical,voiced,oral_apical,complex_coda,D,R,internal,2,AH0,D AA1 R K,F AO1 R AH0 S T,618.3,1484.3,631.4,1404.0,659.2,1390.7,679.8,1430.8,677.1,1372.6,4
P01,Low,AO,1,DARK,FOREST,,562.9,1008.1,2132.0,0.371581491672,-1.04220356901,49.5,76.0,176.3,5.003,4.98,5.05,0.07,owr,central,apical,voiced,oral_labial,one_fol_syll,F,R,internal,2,D AA1 R K,F AO1 R AH0 S T,SP,542.8,995.0,554.4,1002.8,576.1,1016.3,576.8,1043.5,575.6,1047.1,5
P01,Low,UH,1,THE,FOOT,OF,494.9,957.7,2321.2,-0.630311072564,-1.20638402869,57.0,78.6,186.5,5.783,5.76,5.83,0.07,u,stop,apical,voiceless,oral_labial,,F,T,internal,2,DH AH0,F UH1 T,AH1 V,489.8,954.3,491.7,956.5,509.3,984.6,485.6,1009.1,469.9,1034.5,6
P01,Low,AW,1,A,MOUNTAIN,,636.2,1269.6,2246.3,1.45156274106,-0.190354556994,122.2,112.4,337.9,6.107,6.1,6.19,0.09,aw,nasal,apical,voiced,nasal_labial,complex_one_syl,M,N,internal,2,AH0,M AW1 N T AH0 N,SP,636.2,1269.6,629.9,1270.5,606.4,1193.2,556.3,1076.2,520.7,1042.3,5
P01,Low,AA,1,ONE,HOT,AFTERNOON,665.3,1048.6,2184.6,1.8803138237,-0.910272842483,154.0,138.7,1015.8,7.503,7.47,7.57,0.1,o,stop,apical,voiceless,,,HH,T,internal,2,W AH1 N,HH AA1 T,AE2 F T ER0 N UW1 N,659.1,1048.7,694.1,1062.2,628.5,1026.2,639.7,1048.3,617.7,1044.3,6
P01,Low,UW,1,HOT,AFTERNOON,,493.7,1652.5,2662.5,-0.64799152958,1.05696087972,129.2,154.2,485.7,7.877,7.87,8.01,0.14,Tuw,nasal,apical,voiced,nasal_apical,,N,N,internal,6,HH AA1 T,AE2 F T ER0 N UW1 N,SP,492.7,1655.2,471.7,1767.1,480.0,1773.0,504.0,1737.5,467.5,1632.2,4
P01,Low,AO,1,HE,THOUGHT,UP,560.0,1100.4,2390.2,0.32885372055,-0.741531814482,58.5,155.9,855.8,8.433,8.41,8.48,0.07,oh,stop,apical,voiceless,oral_apical,,TH,T,internal,2,HH IY1,TH AO1 T,AH1 P,554.3,1192.5,557.7,1149.4,560.6,1026.3,553.4,999.6,553.7,1002.9,6
P01,Low,AE,1,GOOD,PLAN,TO,619.7,1143.0,2532.2,1.20845645709,-0.602760235469,83.6,91.9,1421.0,9.003,8.98,9.05,0.07,ae,nasal,apical,voiced,obstruent_liquid,,L,N,internal,3,G UH1 D,P L AE1 N,T UW1,623.6,1121.1,622.2,1130.4,610.8,1177.0,592.0,1204.0,586.9,1202.8,6
P01,Low,AH,1,SOME,COMPANY,FOR,496.4,1130.1,2239.9,-0.608210501294,-0.644782615029,141.7,221.6,373.1,9.627,9.61,9.66,0.05,uh,nasal,labial,voiced,velar,complex_two_syl,K,M,internal,2,S AH1 M,K AH1 M P AH0 N IY2,F AO1 R,492.7,1179.6,492.7,1179.6,510.6,1070.6,528.8,993.2,528.8,993.2,5
P01,Low,EH,1,FOR,HIMSELF,,566.4,1315.6,2566.3,0.423149491302,-0.0405073120508,43.7,176.6,473.4,10.31,10.28,10.37,0.09,e,lateral,apical,voiced,oral_apical,complex_coda,S,L,internal,5,F AO1 R,HH IH0 M S EH1 L F,SP,537.1,1271.5,559.3,1309.4,571.3,1263.1,576.0,1184.6,578.7,1124.7,5
P01,Low,AO,1,AND,ALSO,HAVE,578.9,1041.9,2314.3,0.607320918551,-0.932098419464,59.6,95.4,277.6,10.89,10.87,10.93,0.06,oh,lateral,apical,voiced,,complex_one_syl,D,L,initial,1,AH0 N D,AO1 L S OW0,HH AE1 V,578.1,1014.8,578.1,1046.4,575.2,994.2,552.2,900.6,550.7,896.6,6
P01,Low,AH,1,LITTLE,FUN,,552.3,973.6,2451.9,0.215404121365,-1.15458900272,54.8,72.4,1074.2,11.723,11.7,11.77,0.07,uh,nasal,apical,voiced,oral_labial,,F,N,internal,2,L IH1 T AH0 L,F AH1 N,SP,534.2,947.0,542.4,958.6,562.6,993.2,546.0,1012.3,539.7,1019.5,5
P01,Low,EY,1,,RAISING,HIS,520.5,1741.2,2679.9,-0.253127989557,1.34590545856,85.4,157.5,530.1,13.072,13.06,13.12,0.06,ey,fricative,apical,voiced,liquid,one_fol_syll,R,Z,internal,2,SP,R EY1 Z IH0 NG,HH IH1 Z,520.5,1741.2,520.3,1758.9,508.6,1851.7,441.9,1883.1,438.8,1885.5,4
P01,Low,IH,1,HIS,FIST,IN,501.5,1573.3,2354.2,-0.533068558976,0.798963014512,66.7,92.3,182.6,13.473,13.45,13.52,0.07,i,fricative,apical,voiceless,oral_labial,complex_coda,F,S,internal,2,HH IH1 Z,F IH1 S T,IH0 N,497.1,1561.1,498.7,1560.1,502.3,1591.0,488.4,1590.8,478.0,1608.5,5
P01,Low,EH,1,THE,AIR,,452.8,1909.5,2497.5,-1.25060043954,1.89415092212,91.8,175.5,424.8,13.803,13.77,13.87,0.1,e,central,apical,voiced,,,AH0,R,initial,1,DH AH0,EH1 R,SP,469.4,2002.9,451.3,1937.2,486.6,1830.5,534.9,1707.1,556.6,1627.4,4
P01,Low,AE,1,HE,RAN,DOWN,613.3,1195.2,2130.0,1.11416068634,-0.432716187946,91.4,133.4,358.3,14.36,14.34,14.4,0.06,ae,nasal,apical,voiced,liquid,,R,N,internal,2,HH IY1,R AE1 N,D AW1 N,594.1,1182.2,599.1,1183.9,623.0,1224.3,612.2,1255.4,610.7,1255.2,5
P01,Low,AW,1,RAN,DOWN,TO,604.7,1374.8,2367.9,0.987450744393,0.152339577094,74.4,225.2,789.5,14.523,14.5,14.59,0.09,aw,nasal,apical,voiced,oral_apical,,D,N,internal,2,R AE1 N,D AW1 N,T UW1,594.8,1390.1,605.2,1373.8,613.6,1324.1,633.8,1206.2,626.5,1135.1,4
P01,Low,IH,1,THE,VILLAGE,SHOUTING,480.3,1458.4,2337.0,-0.845423299591,0.424670657034,61.4,106.4,570.9,14.863,14.84,14.91,0.07,i,lateral,apical,voiced,oral_labial,one_fol_syll,V,L,internal,2,DH AH0,V IH1 L AH0 JH,SH AW1 T IH0 NG,469.3,1432.0,473.9,1444.5,494.8,1467.5,514.6,1409.9,519.3,1384.6,5
P01,Low,AW,1,VILLAGE,SHOUTING,WOLF,585.9,1444.0,2566.1,0.710456917811,0.377761954269,60.6,195.7,388.6,15.278,15.27,15.34,0.07,aw,stop,apical,voiceless,palatal,one_fol_syll,SH,T,internal,2,V IH1 L AH0 JH,SH AW1 T IH0 NG,W UH1 L F,585.9,1444.0,587.0,1421.4,573.1,1324.5,551.8,1309.8,544.1,1287.1,4
P01,Low,UH,1,SHOUTING,WOLF,,506.9,915.5,2373.8,-0.453506502405,-1.34385258818,92.3,103.9,165.2,15.65,15.62,15.71,0.09,u,lateral,apical,voiced,w/y,complex_coda,W,L,internal,2,SH AW1 T IH0 NG,W UH1 L F,SP,452.2,817.5,490.6,890.3,527.9,941.0,520.5,916.9,493.3,862.6,5
P01,Low,UH,1,,WOLF,,500.5,909.3,2410.7,-0.547802273156,-1.36404939076,58.3,62.4,562.8,16.123,16.09,16.19,0.1,u,lateral,apical,voiced,w/y,complex_coda,W,L,internal,2,SP,W UH1 L F,SP,452.9,808.7,487.6,884.9,530.8,960.8,507.2,911.7,458.7,803.9,5
P01,Low,UW,1,AS,SOON,AS,425.3,1624.1,2263.6,-1.65577757949,0.964446493711,102.0,147.4,249.4,17.707,17.7,17.75,0.05,Tuw,nasal,apical,voiced,oral_apical,,S,N,internal,2,AE1 Z,S UW1 N,AE1 Z,425.3,1624.1,425.3,1624.1,430.7,1578.9,433.0,1502.2,433.0,1502.2,5
P01,Low,ER,1,THEY,HEARD,HIM,549.1,1455.3,2362.8,0.168256235989,0.414572255745,71.6,152.7,101.1,18.11,18.07,18.19,0.12,*hr,stop,apical,voiced,,,HH,D,internal,2,DH EY1,HH ER1 D,HH IH1 M,550.1,1508.0,550.3,1465.0,542.6,1425.4,527.7,1457.2,503.4,1483.6,5
P01,Low,IH,1,HEARD,HIM,,482.9,1626.9,2626.1,-0.807115642723,0.97356763036,96.3,166.6,477.6,18.28,18.25,18.34,0.09,i,nasal,labial,voiced,,,HH,M,internal,2,HH ER1 D,HH IH1 M,SP,478.0,1589.5,481.2,1615.6,487.3,1625.0,500.2,1571.3,520.0,1572.0,4
P01,Low,IH,1,THE,VILLAGERS,ALL,471.5,1408.7,2249.2,-0.975079984374,0.262770481519,74.6,176.6,245.8,18.87,18.85,18.91,0.06,i,lateral,apical,voiced,oral_labial,two_fol_syl,V,L,internal,2,DH AH0,V IH1 L IH0 JH ER0 Z,AO1 L,461.4,1372.6,464.2,1382.1,479.9,1417.7,514.6,1376.7,518.1,1367.1,6
P01,Low,AO,1,VILLAGERS,ALL,RUSHED,540.7,1033.2,2314.2,0.0444930368773,-0.960439094051,51.0,90.0,185.8,19.207,19.18,19.26,0.08,oh,lateral,apical,voiced,,,Z,L,initial,1,V IH1 L IH0 JH ER0 Z,AO1 L,R AH1 SH T,535.2,1092.8,539.3,1059.1,541.9,989.4,543.8,924.9,541.3,906.4,5
P01,Low,AH,1,ALL,RUSHED,FROM,499.3,1013.2,2219.6,-0.565482730172,-1.02559007011,76.1,75.7,426.5,19.427,19.4,19.48,0.08,uh,fricative,palatal,voiceless,liquid,complex_coda,R,SH,internal,2,AO1 L,R AH1 SH T,F R AH1 M,490.9,1029.8,498.5,1015.6,485.0,1018.6,381.6,1022.8,425.4,1074.1,5
P01,Low,OW,1,THEIR,HOMES,,581.6,1023.0,2132.0,0.647101946837,-0.993666091843,124.1,147.8,165.4,19.913,19.9,20.07,0.17,ow,nasal,labial,voiced,,complex_coda,HH,M,internal,2,DH EH1 R,HH OW1 M Z,SP,586.0,1032.3,561.1,1039.5,525.8,972.0,469.3,916.7,464.9,830.2,5
P01,Low,ER,1,OF,CONCERN,FOR,530.0,1451.8,2614.0,-0.113157704848,0.403170834934,117.7,240.0,273.6,20.95,20.92,21.01,0.09,*hr,nasal,apical,voiced,oral_apical,,S,N,internal,5,AH1 V,K AH0 N S ER1 N,F AO1 R,531.5,1444.7,530.2,1448.1,533.4,1459.6,561.7,1422.8,560.1,1383.6,4
P01,Low,EY,1,HIS,SAFETY,,552.1,1561.6,2911.2,0.212457378529,0.760849693516,40.3,154.6,1015.7,21.432,21.42,21.53,0.11,ey,fricative,labiodental,voiceless,oral_apical,complex_one_syl,S,F,internal,2,HH IH1 Z,S EY1 F T IY0,SP,552.1,1561.6,515.3,1632.9,451.9,1856.6,397.6,1940.2,622.5,2103.8,4
P01,Low,UW,1,AND,TWO,OF,412.3,1511.3,2337.6,-1.84731586383,0.596994988719,137.8,257.4,293.0,22.477,22.47,22.55,0.08,Tuw,,,,oral_apical,,T,AH1,final,2,AH0 N D,T UW1,AH1 V,412.3,1511.3,418.8,1506.5,409.3,1439.9,424.8,1437.8,430.6,1448.9,6
P01,Low,AH,1,HIS,COUSINS,EVEN,497.8,1118.8,2346.5,-0.587583301442,-0.681592916504,91.3,253.9,1498.3,22.823,22.8,22.87,0.07,uh,fricative,apical,voiced,velar,one_fol_syll,K,Z,internal,2,HH IH1 Z,K AH1 Z AH0 N Z,IY1 V IH0 N,499.6,1281.6,492.8,1197.9,503.7,1061.0,496.6,1036.6,489.5,1029.4,6
P01,Low,EY,1,EVEN,STAYED,WITH,526.3,1601.6,2495.6,-0.167672447314,0.891151645641,54.7,116.4,366.7,23.493,23.47,23.58,0.11,ey,stop,apical,voiced,oral_apical,,T,D,internal,3,IY1 V IH0 N,S T EY1 D,W IH1 DH,523.3,1564.3,522.4,1635.4,500.9,1770.0,476.1,1842.7,456.0,1841.8,5
P01,Low,IH,1,WITH,HIM,FOR,628.7,1550.2,2602.0,1.34105988471,0.72371363716,129.5,53.9,220.8,23.783,23.76,23.83,0.07,i,nasal,labial,voiced,,,HH,M,internal,2,W IH1 DH,HH IH1 M,F AO1 R,633.1,1556.9,631.7,1555.3,585.5,1448.5,500.1,1290.7,491.2,1280.9,6
P01,Low,AO,1,A,SHORT,WHILE,551.6,1088.6,2399.5,0.205090521439,-0.779970890358,109.0,214.8,388.7,24.223,24.19,24.29,0.1,owr,central,apical,voiced,palatal,complex_coda,SH,R,internal,2,AH0,SH AO1 R T,W AY1 L,533.6,1323.8,548.9,1146.4,575.9,1041.8,595.2,1001.1,602.9,949.2,4
P01,Low,AY,1,SHORT,WHILE,,622.6,1069.1,2174.8,1.25118422821,-0.843493092019,95.6,77.1,354.8,24.466,24.42,24.6,0.18,ay,lateral,apical,voiced,w/y,,W,L,internal,2,SH AO1 R T,W AY1 L,SP,560.5,929.3,616.4,1035.8,580.8,1305.4,515.6,1538.5,543.8,1295.1,5
P01,Low,IH,1,,THIS,GAVE,455.9,1740.0,2476.9,-1.20492592558,1.34199639999,91.6,110.9,469.7,26.03,26.01,26.07,0.06,i,fricative,apical,voiceless,oral_apical,,DH,S,internal,2,SP,DH IH1 S,G EY1 V,448.2,1733.9,449.1,1735.1,446.8,1730.5,430.7,1741.4,427.3,1737.9,5
P01,Low,EY,1,THIS,GAVE,THE,475.9,1766.8,2115.2,-0.910251641983,1.42929870792,61.1,96.2,2743.0,26.212,26.2,26.26,0.06,ey,fricative,labiodental,voiced,velar,,G,V,internal,2,DH IH1 S,G EY1 V,DH AH0,475.9,1766.8,475.4,1767.1,463.8,1789.8,453.6,1799.7,452.4,1795.1,5
P01,Low,OY,1,THE,BOY,SO,546.2,1022.9,2095.3,0.125528464867,-0.993991846723,60.0,91.1,2594.3,26.497,26.44,26.61,0.17,oy,,,,oral_labial,,B,S,final,2,DH AH0,B OY1,S OW1,508.0,964.4,545.1,1008.8,514.9,1055.5,455.6,1300.1,447.4,1604.8,6
P01,Low,EH,1,MUCH,PLEASURE,THAT,581.3,1269.9,2397.6,0.642681832583,-0.189377292353,45.3,112.9,176.1,27.12,27.1,27.16,0.06,e,fricative,palatal,voiced,obstruent_liquid,one_fol_syll,L,ZH,internal,3,M AH1 CH,P L EH1 ZH ER0,DH AE1 T,592.4,1230.6,591.4,1235.1,557.3,1328.6,507.4,1341.7,497.9,1353.7,5
P01,Low,UW,1,A,FEW,DAYS,380.7,1697.2,2074.5,-2.31290123191,1.20257331122,59.9,299.1,292.6,27.727,27.71,27.76,0.05,uw,,,,w/y,,Y,D,final,3,AH0,F Y UW1,D EY1 Z,371.9,1723.3,371.9,1723.3,398.8,1663.4,393.3,1577.2,393.3,1577.2,5
P01,Low,EY,1,FEW,DAYS,LATER,498.3,1644.1,2416.9,-0.580216444352,1.02959746977,69.0,125.9,330.7,27.84,27.82,27.9,0.08,ey,fricative,apical,voiced,oral_apical,,D,Z,internal,2,F Y UW1,D EY1 Z,L EY1 T ER0,493.5,1628.6,498.3,1644.1,481.9,1708.0,437.9,1774.2,421.1,1799.9,4
P01,Low,EY,1,DAYS,LATER,HE,519.2,1549.7,2408.4,-0.272281817991,0.722084862759,77.5,89.7,402.1,28.082,28.07,28.15,0.08,ey,stop,apical,voiceless,liquid,one_fol_syll,L,T,internal,2,D EY1 Z,L EY1 T ER0,HH IY1,519.2,1549.7,490.4,1609.9,446.0,1758.1,411.3,1875.0,386.9,1884.7,5
P01,Low,AY,1,HE,TRIED,EXACTLY,592.2,1227.0,2066.3,0.803279317144,-0.329126136007,55.3,117.5,204.3,28.605,28.58,28.63,0.05,ay,stop,apical,voiced,obstruent_liquid,,R,D,internal,3,HH IY1,T R AY1 D,IH0 G Z AE1 K T L IY0,518.1,1228.7,537.5,1219.3,583.0,1207.7,592.7,1256.2,590.1,1299.8,5
P01,Low,AE,1,TRIED,EXACTLY,THE,636.0,1246.5,2438.2,1.44861599823,-0.265603934346,72.9,161.3,190.7,28.873,28.85,28.92,0.07,ae,stop,velar,voiceless,oral_apical,complex_one_syl,Z,K,internal,4,T R AY1 D,IH0 G Z AE1 K T L IY0,DH AH0,619.9,1247.8,626.5,1237.2,631.7,1317.1,606.5,1508.3,601.9,1543.6,4
P01,Low,EY,1,THE,SAME,TRICK,520.5,1593.6,2430.7,-0.253127989557,0.865091255216,67.3,85.0,279.4,29.292,29.28,29.34,0.06,ey,nasal,labial,voiced,oral_apical,,S,M,internal,2,DH AH0,S EY1 M,T R IH1 K,520.5,1593.6,519.0,1598.9,505.7,1710.4,516.3,1839.6,520.2,1855.1,5
P01,Low,EH,1,TRICK,AGAIN,,566.9,1599.2,2355.8,0.430516348392,0.883333528513,94.3,67.6,190.5,29.8,29.77,29.86,0.09,e,nasal,apical,voiced,velar,,G,N,internal,3,T R IH1 K,AH0 G EH1 N,SP,528.8,1670.4,555.8,1620.5,594.4,1561.7,623.3,1537.7,621.0,1504.3,5
P01,Low,AH,1,AND,ONCE,MORE,603.4,964.1,2260.4,0.96829691596,-1.18553571635,81.2,126.1,352.2,30.317,30.3,30.35,0.05,uh,nasal,apical,voiced,w/y,complex_coda,W,N,internal,2,AH0 N D,W AH1 N S,M AO1 R,590.9,948.3,590.9,948.3,612.9,977.1,615.3,971.6,615.3,971.6,6
P01,Low,AO,1,ONCE,MORE,HE,510.8,959.0,2434.5,-0.396045017103,-1.20214921524,137.2,110.6,597.1,30.57,30.54,30.63,0.09,owr,central,apical,voiced,nasal_labial,,M,R,internal,2,W AH1 N S,M AO1 R,HH IY1,490.0,949.5,509.3,960.4,509.7,945.3,498.2,939.5,488.8,951.7,5
P01,Low,EH,1,WAS,SUCCESSFUL,,589.9,1336.2,2418.2,0.76939177453,0.0265981932934,54.6,155.2,355.3,31.157,31.13,31.21,0.08,e,fricative,apical,voiceless,oral_apical,complex_one_syl,S,S,internal,5,W AA1 Z,S AH0 K S EH1 S F AH0 L,SP,567.9,1350.0,579.9,1347.1,603.5,1327.8,584.3,1254.1,559.0,1205.5,5
P01,Low,EH,1,,HOWEVER,,540.8,1235.0,2155.3,0.0459664082953,-0.303065745582,56.7,94.3,119.7,32.373,32.35,32.42,0.07,e,fricative,labiodental,voiced,,one_fol_syll,AW2,V,internal,3,SP,HH AW2 EH1 V ER0,SP,528.4,1163.1,534.6,1201.7,551.0,1272.4,556.0,1271.4,547.8,1256.6,5
P01,Low,AO,1,NOT,LONG,AFTER,635.2,996.5,2284.8,1.43682902688,-1.07999113513,58.1,82.1,165.5,33.037,33.02,33.07,0.05,oh,nasal,velar,voiced,liquid,,L,NG,internal,2,N AA1 T,L AO1 NG,AE1 F T ER0,623.8,956.5,623.8,956.5,645.7,1052.7,648.1,1127.3,648.1,1127.3,6
P01,Low,AE,1,LONG,AFTER,,628.0,1415.9,2340.5,1.33074628479,0.286224832902,43.0,148.3,296.9,33.197,33.17,33.25,0.08,ae,fricative,labiodental,voiceless,,complex_one_syl,NG,F,initial,1,L AO1 NG,AE1 F T ER0,SP,590.3,1548.3,615.8,1471.4,631.8,1321.9,644.2,1232.2,683.8,1438.4,4
P01,Low,UH,1,A,WOLF,THAT,465.6,882.3,2403.9,-1.06200889804,-1.45200320844,57.8,93.3,120.7,33.81,33.79,33.85,0.06,u,lateral,apical,voiced,w/y,complex_coda,W,L,internal,2,AH0,W UH1 L F,DH AE1 T,461.4,856.2,462.0,859.6,467.0,889.2,467.0,862.0,467.3,858.2,6
P01,Low,EY,1,JUST,ESCAPED,FROM,511.8,1665.8,2431.2,-0.381311302923,1.1002862788,79.7,102.3,255.4,34.574,34.56,34.68,0.12,ey,stop,labial,voiceless,velar,complex_coda,K,P,internal,4,JH AH1 S T,IH0 S K EY1 P T,F R AH1 M,509.0,1663.8,484.3,1502.2,438.6,1654.5,396.8,1662.0,358.1,1340.9,5
P01,Low,UW,1,THE,ZOO,WAS,438.2,1527.1,2374.8,-1.46571266657,0.648464259808,64.9,154.2,170.2,35.077,35.07,35.26,0.19,Tuw,,,,oral_apical,,Z,W,final,2,DH AH0,Z UW1,W AA1 Z,437.8,1565.1,397.4,1016.2,379.3,1048.0,403.9,1398.7,352.7,966.1,6
P01,Low,EY,1,A,CHANGE,FROM,516.4,1711.4,2598.2,-0.313536217695,1.24883050422,82.1,196.5,651.5,36.002,35.99,36.12,0.13,ey,nasal,apical,voiced,palatal,complex_coda,CH,N,internal,2,AH0,CH EY1 N JH,F R AH1 M,516.4,1711.4,507.6,1773.8,472.2,1855.9,433.8,1830.0,437.0,1749.1,4
P01,Low,UW,1,ITS,USUAL,DIET,423.0,1802.2,2049.9,-1.6896651221,1.54461593555,119.7,162.3,274.9,36.64,36.62,36.68,0.06,uw,fricative,palatal,voiced,w/y,two_fol_syl,Y,ZH,internal,2,IH1 T S,Y UW1 ZH AH0 W AH0 L,D AY1 AH0 T,420.9,1829.5,420.4,1825.8,428.2,1774.8,437.5,1745.2,436.3,1750.0,6
P01,Low,AY,1,USUAL,DIET,OF,656.3,1177.9,2218.3,1.74771039608,-0.48907178224,76.5,186.9,241.9,37.008,36.98,37.08,0.1,ay,,,,oral_apical,one_fol_syll,D,AH0,internal,2,Y UW1 ZH AH0 W AH0 L,D AY1 AH0 T,AH1 V,577.5,1255.4,635.7,1188.0,653.4,1210.9,622.3,1448.8,534.2,1145.4,5
P01,Low,AH,1,AND,DUCK,,543.7,1135.0,2138.8,0.0886941794172,-0.628820625894,69.4,113.4,711.2,37.84,37.82,37.88,0.06,uh,stop,velar,voiceless,oral_apical,,D,K,internal,2,AH0 N D,D AH1 K,SP,517.9,1070.9,518.6,1065.5,550.0,1095.6,549.0,1065.7,548.2,1059.4,6
P01,Low,OW,1,,OVERCOMING,ITS,531.0,1019.4,2200.5,-0.0984239906681,-1.00539326753,90.5,86.8,77.8,39.776,39.72,39.85,0.13,ow,fricative,labiodental,voiced,,two_fol_syl,SP,V,initial,1,SP,OW1 V ER0 K AH2 M IH0 NG,IH1 T S,432.2,1059.7,531.1,1021.6,519.9,1011.5,495.6,1018.0,490.8,981.6,6
P01,Low,IH,1,ITS,FEAR,OF,472.6,1643.2,2455.3,-0.958872898777,1.02666567585,89.4,172.4,345.1,40.477,40.46,40.51,0.05,iyr,central,apical,voiced,oral_labial,,F,R,internal,2,IH1 T S,F IH1 R,AH1 V,472.1,1639.3,472.1,1639.3,480.0,1650.9,502.9,1678.0,502.9,1678.0,4
P01,Low,AA,1,BEING,SHOT,,580.1,1151.1,2021.1,0.625001375567,-0.576374090164,53.1,113.5,1950.7,41.06,41.03,41.12,0.09,o,stop,apical,voiceless,palatal,,SH,T,internal,2,B IY1 IH0 NG,SH AA1 T,SP,549.8,1202.3,571.8,1155.3,594.2,1118.9,606.8,1097.1,601.1,1096.1,6
P01,Low,AE,1,IT,ACTUALLY,DID,668.9,1531.7,2162.7,1.93335519475,0.663448984303,113.0,109.9,3131.9,41.813,41.77,41.9,0.13,ae,stop,velar,voiceless,,complex_two_syl,T,K,initial,1,IH1 T,AE1 K CH UW2 AH0 L IY0,D IH1 D,614.4,1654.7,666.7,1546.1,672.4,1454.2,620.8,1448.6,497.2,1502.4,5
P01,Low,IH,1,ACTUALLY,DID,COME,452.1,1752.1,2445.2,-1.26091403947,1.38141274051,54.9,126.4,349.2,42.187,42.16,42.24,0.08,i,stop,apical,voiced,oral_apical,,D,D,internal,2,AE1 K CH UW2 AH0 L IY0,D IH1 D,K AH1 M,438.8,1794.1,450.3,1763.0,460.7,1733.5,451.2,1693.5,434.2,1669.0,4
P01,Low,AW,1,COME,OUT,FROM,648.1,1167.6,2257.7,1.6268939398,-0.522624534912,117.8,124.8,231.6,42.477,42.47,42.58,0.11,aw,stop,apical,voiceless,,,M,T,initial,1,K AH1 M,AW1 T,F R AH1 M,648.1,1167.6,632.1,1177.8,612.4,1146.1,571.3,1064.9,532.7,973.6,5
P01,Low,AO,1,THE,FOREST,AND,572.0,1060.6,2172.5,0.505658290709,-0.871182256846,96.5,132.7,112.8,42.923,42.9,42.97,0.07,owr,central,apical,voiced,oral_labial,one_fol_syll,F,R,internal,2,DH AH0,F AO1 R AH0 S T,AH0 N D,560.1,1009.4,565.9,1033.9,570.9,1057.7,582.7,1047.1,585.7,1046.9,6
P01,Low,AE,1,AND,BEGAN,TO,573.8,1531.2,2335.8,0.532178976233,0.661820209901,72.3,139.9,541.2,43.58,43.56,43.62,0.06,ae,nasal,apical,voiced,velar,,G,N,internal,4,AH0 N D,B IH0 G AE1 N,T UW1,560.3,1589.8,562.3,1582.5,584.3,1473.6,587.4,1408.3,585.9,1399.5,4
P01,Low,EH,1,TO,THREATEN,THE,556.5,1384.4,2270.7,0.27728572092,0.183612045604,58.4,191.4,452.3,43.917,43.9,43.95,0.05,e,stop,apical,voiceless,obstruent_liquid,one_fol_syll,R,T,internal,3,T UW1,TH R EH1 T AH0 N,DH AH0,549.0,1370.9,549.0,1370.9,572.2,1400.7,565.3,1439.5,565.3,1439.5,5
P01,Low,IY,1,THE,SHEEP,,411.4,1902.5,3344.6,-1.86057620659,1.8713480805,96.7,101.8,111.5,44.31,44.26,44.41,0.15,iy,stop,labial,voiceless,palatal,,SH,P,internal,2,DH AH0,SH IY1 P,SP,838.7,2308.9,413.7,1897.8,388.9,1955.4,368.5,2105.4,360.1,2219.1,3
P01,Low,EY,1,,RACING,DOWN,482.5,1600.9,2032.7,-0.813009128395,0.888871361478,49.1,121.5,316.5,45.682,45.67,45.75,0.08,ey,fricative,apical,voiceless,liquid,one_fol_syll,R,S,internal,2,SP,R EY1 S IH0 NG,D AW1 N,482.5,1600.9,466.7,1664.6,434.5,1630.6,412.8,1830.6,448.4,2000.1,5
P01,Low,IH,1,THE,VILLAGE,THE,488.5,1519.9,2650.9,-0.724606843315,0.625009908426,100.7,125.3,685.2,46.383,46.36,46.43,0.07,i,lateral,apical,voiced,oral_labial,one_fol_syll,V,L,internal,2,DH AH0,V IH1 L AH0 JH,DH AH0,473.9,1533.2,485.4,1528.0,494.1,1517.0,527.4,1458.5,545.6,1423.9,4
P01,Low,OY,1,THE,BOY,OF,550.3,891.7,2221.2,0.185936693005,-1.42138224969,62.5,99.3,171.4,46.917,46.87,47.01,0.14,oy,,,,oral_labial,,B,AH1,final,2,DH AH0,B OY1,AH1 V,505.6,903.3,543.0,885.1,568.2,1020.3,542.2,1245.4,466.6,1094.2,6
P01,Low,AO,1,OF,COURSE,CRIED,571.6,1051.8,2179.4,0.499764805037,-0.899848686313,79.5,143.8,127.7,47.207,47.17,47.28,0.11,owr,central,apical,voiced,velar,complex_coda,K,R,internal,2,AH1 V,K AO1 R S,K R AY1 D,567.8,1152.0,569.9,1075.4,576.7,1016.1,566.8,964.5,564.2,957.5,6
P01,Low,AY,1,COURSE,CRIED,OUT,592.3,1116.4,1852.0,0.804752688562,-0.689411033632,48.6,73.3,2687.3,47.52,47.51,47.6,0.09,ay,stop,apical,voiced,obstruent_liquid,,R,D,internal,3,K AO1 R S,K R AY1 D,AW1 T,538.8,1055.3,591.7,1112.0,588.5,1210.3,578.5,1167.3,540.2,1179.2,6
P01,Low,AW,1,CRIED,OUT,EVEN,633.5,1463.8,2572.7,1.41178171278,0.442261420571,71.0,195.3,533.6,47.679,47.66,47.77,0.11,aw,stop,apical,voiceless,,,D,T,initial,1,K R AY1 D,AW1 T,IY1 V IH0 N,617.7,1451.3,651.6,1473.2,645.1,1369.7,647.4,1216.5,632.3,1142.8,4
P01,Low,IY,1,OUT,EVEN,LOUDER,416.6,2107.0,3242.4,-1.78396089285,2.53751681074,192.6,220.8,232.3,47.863,47.83,47.93,0.1,iy,fricative,labiodental,voiced,,one_fol_syll,T,V,initial,1,AW1 T,IY1 V IH0 N,L AW1 D ER0,346.0,2178.2,409.2,2127.7,426.8,2084.0,414.7,2082.7,417.5,2024.7,3
P01,Low,AW,1,EVEN,LOUDER,THAN,645.5,1138.6,2378.8,1.58858628294,-0.617093450203,49.1,73.1,599.8,48.142,48.13,48.25,0.12,aw,stop,apical,voiced,liquid,one_fol_syll,L,D,internal,2,IY1 V IH0 N,L AW1 D ER0,DH AE1 N,645.5,1138.6,645.0,1167.6,631.2,1185.6,613.8,1088.3,520.6,1064.3,4
P01,Low,AO,1,THAN,BEFORE,,495.3,919.3,2256.5,-0.624417586892,-1.33147390273,87.0,95.2,211.4,48.72,48.66,48.84,0.18,owr,central,apical,voiced,oral_labial,,F,R,internal,4,DH AE1 N,B IH0 F AO1 R,SP,511.1,1009.3,496.0,926.9,533.7,910.1,545.4,924.1,577.1,955.8,6
P01,Low,AO,1,,UNFORTUNATELY,,543.8,976.4,2261.9,0.0901675508352,-1.14546786607,74.1,115.0,232.2,50.017,49.99,50.07,0.08,owr,central,apical,voiced,oral_labial,complex_two_syl,F,R,internal,4,SP,AH0 N F AO1 R CH AH0 N AH0 T L IY0,SP,530.0,985.4,536.1,983.5,553.8,965.1,559.0,954.8,562.5,966.1,6
P01,Low,AO,1,AS,ALL,THE,525.6,1073.7,2330.3,-0.17798604724,-0.828508367525,65.5,116.9,238.1,50.747,50.73,50.78,0.05,oh,lateral,apical,voiced,,,Z,L,initial,1,AE1 Z,AO1 L,DH AH0,522.3,1110.6,522.3,1110.6,528.9,1012.4,530.9,946.5,530.9,946.5,5
P01,Low,IH,1,THE,VILLAGERS,WERE,457.2,1395.2,2322.2,-1.18577209715,0.218793572677,66.7,120.2,361.4,50.95,50.93,50.99,0.06,i,lateral,apical,voiced,oral_labial,two_fol_syl,V,L,internal,2,DH AH0,V IH1 L IH0 JH ER0 Z,W ER1,451.2,1370.9,453.4,1373.9,457.6,1404.6,474.7,1372.4,478.0,1365.5,5
P01,Low,IH,1,WERE,CONVINCED,THAT,525.0,1599.1,2411.7,-0.186826275748,0.883007773633,58.8,122.1,359.1,51.627,51.61,51.66,0.05,i,nasal,apical,voiced,oral_labial,complex_coda,V,N,internal,5,W ER1,K AH0 N V IH1 N S T,DH AE1 T,518.1,1576.7,518.1,1576.7,530.9,1626.7,523.8,1650.2,523.8,1650.2,5
P01,Low,AY,1,WAS,TRYING,TO,596.4,1229.2,2082.3,0.8651609167,-0.32195952864,54.7,144.4,313.5,52.248,52.23,52.28,0.05,ay,,,,obstruent_liquid,one_fol_syll,R,IH0,internal,3,W AA1 Z,T R AY1 IH0 NG,T UW1,551.1,1188.8,564.7,1182.3,592.9,1205.2,593.0,1341.6,581.1,1419.0,5
P01,Low,UW,1,TO,FOOL,THEM,417.8,1328.9,2055.8,-1.76628043584,0.00281808703062,59.1,178.4,223.6,52.623,52.57,52.73,0.16,uw,lateral,apical,voiced,oral_labial,,F,L,internal,2,T UW1,F UW1 L,DH EH1 M,434.2,1484.7,419.2,1359.9,411.7,1092.4,448.3,1024.2,438.3,912.0,6
P01,Low,ER,1,A,THIRD,TIME,531.1,1350.5,2503.6,-0.0969506192501,0.0731811411779,51.6,127.1,218.5,53.167,53.13,53.24,0.11,*hr,stop,apical,voiced,oral_apical,,TH,D,internal,2,AH0,TH ER1 D,T AY1 M,515.9,1335.3,528.8,1348.4,527.4,1349.4,518.5,1294.8,510.2,1256.3,5
P01,Low,AY,1,THIRD,TIME,,652.5,1209.2,2203.1,1.69172228219,-0.387110504702,106.8,173.3,1717.1,53.465,53.39,53.54,0.15,ay,nasal,labial,voiced,oral_apical,,T,M,internal,2,TH ER1 D,T AY1 M,SP,585.3,1170.6,502.2,878.9,650.8,1177.5,641.5,1320.1,594.9,1528.5,6
P01,Low,OW,1,THEY,TOLD,HIM,508.5,1180.8,2310.7,-0.429932559717,-0.479624890711,74.3,140.7,278.1,54.325,54.31,54.37,0.06,ow,lateral,apical,voiced,oral_apical,complex_coda,T,L,internal,2,DH EY1,T OW1 L D,HH IH1 M,506.7,1209.2,507.2,1200.0,517.9,1047.5,521.1,948.3,521.7,940.7,5
P01,Low,IH,1,TOLD,HIM,GO,495.4,1518.2,2324.1,-0.622944215474,0.619472075461,67.1,116.1,481.3,54.507,54.48,54.56,0.08,i,nasal,labial,voiced,,,HH,M,internal,2,T OW1 L D,HH IH1 M,G OW1,494.9,1503.4,495.8,1516.1,495.5,1520.7,495.2,1468.0,487.1,1388.3,5
P01,Low,OW,1,HIM,GO,AWAY,564.1,1206.0,2105.4,0.389261948688,-0.397534660872,50.1,143.1,1647.5,54.799,54.79,54.87,0.08,owF,,,,velar,,G,AH0,final,2,HH IH1 M,G OW1,AH0 W EY1,564.1,1206.0,567.0,1125.2,523.4,965.5,467.4,863.5,475.8,879.0,6
P01,Low,EY,1,GO,AWAY,AND,556.5,1479.5,2238.0,0.27728572092,0.49340493678,67.3,127.6,590.6,55.062,55.05,55.13,0.08,eyF,,,,w/y,,W,AH0,final,3,G OW1,AH0 W EY1,AH0 N D,556.5,1479.5,534.7,1550.4,463.6,1663.3,425.8,1457.1,414.2,1317.0,5
P01,Low,AA,1,AND,DONT,BOTHER,552.0,1076.8,2183.2,0.210984007111,-0.818409966235,54.3,137.1,281.7,55.31,55.29,55.35,0.06,o,nasal,apical,voiced,oral_apical,complex_coda,D,N,internal,2,AH0 N D,D AA1 N T,B AA1 DH ER0,548.0,1129.5,548.8,1120.9,553.3,1000.4,550.4,876.7,548.2,866.1,6
P01,Low,AA,1,DONT,BOTHER,US,536.0,974.6,2334.8,-0.0247554197684,-1.15133145391,71.2,98.4,152.2,55.5,55.48,55.54,0.06,o,fricative,interdental,voiced,oral_labial,one_fol_syll,B,DH,internal,2,D AA1 N T,B AA1 DH ER0,AH1 S,525.2,941.8,526.9,946.4,543.0,1013.3,538.9,1061.1,537.4,1064.2,6
P01,Low,AH,1,BOTHER,US,AGAIN,490.5,1149.4,2070.1,-0.695139414956,-0.581911923129,79.1,206.4,570.4,55.673,55.65,55.72,0.07,uh,fricative,apical,voiceless,,,ER0,S,initial,1,B AA1 DH ER0,AH1 S,AH0 G EH1 N,484.3,1130.9,489.9,1137.7,487.4,1179.8,472.0,1170.1,458.7,1154.8,6
P01,Low,UH,1,THE,WOLF,HAD,441.9,882.2,2538.3,-1.4111979241,-1.45232896332,66.9,59.6,845.8,57.327,57.31,57.36,0.05,u,lateral,apical,voiced,w/y,complex_coda,W,L,internal,2,DH AH0,W UH1 L F,HH AE1 D,436.8,875.2,436.8,875.2,448.5,888.6,441.4,877.0,441.4,877.0,5
P01,Low,IY,1,A,FEAST,,398.5,2272.4,3491.7,-2.05064111951,3.07631538277,158.9,148.8,163.2,57.81,57.76,57.91,0.15,iy,fricative,apical,voiceless,oral_labial,complex_coda,F,S,internal,2,AH0,F IY1 S T,SP ,464.5,2183.6,403.8,2270.7,346.4,2430.3,372.9,2794.1,1914.3,3601.0,3
